{
	"ImportPath": "github.com/google/cadvisor",
	"GoVersion": "go1.10",
	"GodepVersion": "v80",
	"Packages": [
		"./..."
	],
	"Deps": [
		{
			"ImportPath": "cloud.google.com/go/compute/metadata",
			"Comment": "v0.1.0-115-g3b1ae45",
			"Rev": "3b1ae45394a234c385be014e9a488f2bb6eef821"
		},
		{
			"ImportPath": "cloud.google.com/go/internal",
			"Comment": "v0.1.0-115-g3b1ae45",
			"Rev": "3b1ae45394a234c385be014e9a488f2bb6eef821"
		},
		{
			"ImportPath": "github.com/Microsoft/go-winio",
			"Comment": "v0.3.2",
			"Rev": "862b6557927a5c5c81e411c12aa6de7e566cbb7a"
		},
		{
			"ImportPath": "github.com/Rican7/retry",
			"Comment": "v0.1.0-9-g272ad12",
			"Rev": "272ad122d6e5ce1be757544007cf8bcd1c9c9ab0"
		},
		{
			"ImportPath": "github.com/Rican7/retry/backoff",
			"Comment": "v0.1.0-9-g272ad12",
			"Rev": "272ad122d6e5ce1be757544007cf8bcd1c9c9ab0"
		},
		{
			"ImportPath": "github.com/Rican7/retry/jitter",
			"Comment": "v0.1.0-9-g272ad12",
			"Rev": "272ad122d6e5ce1be757544007cf8bcd1c9c9ab0"
		},
		{
			"ImportPath": "github.com/Rican7/retry/strategy",
			"Comment": "v0.1.0-9-g272ad12",
			"Rev": "272ad122d6e5ce1be757544007cf8bcd1c9c9ab0"
		},
		{
			"ImportPath": "github.com/SeanDolphin/bqschema",
			"Rev": "f92a08f515e1bf718e995076a37c2f534b1deb08"
		},
		{
			"ImportPath": "github.com/Shopify/sarama",
			"Comment": "v1.8.0",
			"Rev": "4ba9bba6adb6697bcec3841e1ecdfecf5227c3b9"
		},
		{
			"ImportPath": "github.com/abbot/go-http-auth",
			"Rev": "c0ef4539dfab4d21c8ef20ba2924f9fc6f186d35"
		},
		{
			"ImportPath": "github.com/aws/aws-sdk-go/aws",
			"Comment": "v1.6.10",
			"Rev": "63ce630574a5ec05ecd8e8de5cea16332a5a684d"
		},
		{
			"ImportPath": "github.com/aws/aws-sdk-go/aws/awserr",
			"Comment": "v1.6.10",
			"Rev": "63ce630574a5ec05ecd8e8de5cea16332a5a684d"
		},
		{
			"ImportPath": "github.com/aws/aws-sdk-go/aws/awsutil",
			"Comment": "v1.6.10",
			"Rev": "63ce630574a5ec05ecd8e8de5cea16332a5a684d"
		},
		{
			"ImportPath": "github.com/aws/aws-sdk-go/aws/client",
			"Comment": "v1.6.10",
			"Rev": "63ce630574a5ec05ecd8e8de5cea16332a5a684d"
		},
		{
			"ImportPath": "github.com/aws/aws-sdk-go/aws/client/metadata",
			"Comment": "v1.6.10",
			"Rev": "63ce630574a5ec05ecd8e8de5cea16332a5a684d"
		},
		{
			"ImportPath": "github.com/aws/aws-sdk-go/aws/corehandlers",
			"Comment": "v1.6.10",
			"Rev": "63ce630574a5ec05ecd8e8de5cea16332a5a684d"
		},
		{
			"ImportPath": "github.com/aws/aws-sdk-go/aws/credentials",
			"Comment": "v1.6.10",
			"Rev": "63ce630574a5ec05ecd8e8de5cea16332a5a684d"
		},
		{
			"ImportPath": "github.com/aws/aws-sdk-go/aws/credentials/ec2rolecreds",
			"Comment": "v1.6.10",
			"Rev": "63ce630574a5ec05ecd8e8de5cea16332a5a684d"
		},
		{
			"ImportPath": "github.com/aws/aws-sdk-go/aws/credentials/endpointcreds",
			"Comment": "v1.6.10",
			"Rev": "63ce630574a5ec05ecd8e8de5cea16332a5a684d"
		},
		{
			"ImportPath": "github.com/aws/aws-sdk-go/aws/credentials/stscreds",
			"Comment": "v1.6.10",
			"Rev": "63ce630574a5ec05ecd8e8de5cea16332a5a684d"
		},
		{
			"ImportPath": "github.com/aws/aws-sdk-go/aws/defaults",
			"Comment": "v1.6.10",
			"Rev": "63ce630574a5ec05ecd8e8de5cea16332a5a684d"
		},
		{
			"ImportPath": "github.com/aws/aws-sdk-go/aws/ec2metadata",
			"Comment": "v1.6.10",
			"Rev": "63ce630574a5ec05ecd8e8de5cea16332a5a684d"
		},
		{
			"ImportPath": "github.com/aws/aws-sdk-go/aws/endpoints",
			"Comment": "v1.6.10",
			"Rev": "63ce630574a5ec05ecd8e8de5cea16332a5a684d"
		},
		{
			"ImportPath": "github.com/aws/aws-sdk-go/aws/request",
			"Comment": "v1.6.10",
			"Rev": "63ce630574a5ec05ecd8e8de5cea16332a5a684d"
		},
		{
			"ImportPath": "github.com/aws/aws-sdk-go/aws/session",
			"Comment": "v1.6.10",
			"Rev": "63ce630574a5ec05ecd8e8de5cea16332a5a684d"
		},
		{
			"ImportPath": "github.com/aws/aws-sdk-go/aws/signer/v4",
			"Comment": "v1.6.10",
			"Rev": "63ce630574a5ec05ecd8e8de5cea16332a5a684d"
		},
		{
			"ImportPath": "github.com/aws/aws-sdk-go/private/protocol",
			"Comment": "v1.6.10",
			"Rev": "63ce630574a5ec05ecd8e8de5cea16332a5a684d"
		},
		{
			"ImportPath": "github.com/aws/aws-sdk-go/private/protocol/query",
			"Comment": "v1.6.10",
			"Rev": "63ce630574a5ec05ecd8e8de5cea16332a5a684d"
		},
		{
			"ImportPath": "github.com/aws/aws-sdk-go/private/protocol/query/queryutil",
			"Comment": "v1.6.10",
			"Rev": "63ce630574a5ec05ecd8e8de5cea16332a5a684d"
		},
		{
			"ImportPath": "github.com/aws/aws-sdk-go/private/protocol/rest",
			"Comment": "v1.6.10",
			"Rev": "63ce630574a5ec05ecd8e8de5cea16332a5a684d"
		},
		{
			"ImportPath": "github.com/aws/aws-sdk-go/private/protocol/xml/xmlutil",
			"Comment": "v1.6.10",
			"Rev": "63ce630574a5ec05ecd8e8de5cea16332a5a684d"
		},
		{
			"ImportPath": "github.com/aws/aws-sdk-go/service/sts",
			"Comment": "v1.6.10",
			"Rev": "63ce630574a5ec05ecd8e8de5cea16332a5a684d"
		},
		{
			"ImportPath": "github.com/beorn7/perks/quantile",
			"Rev": "b965b613227fddccbfffe13eae360ed3fa822f8d"
		},
		{
			"ImportPath": "github.com/blang/semver",
			"Comment": "v3.1.0",
			"Rev": "aea32c919a18e5ef4537bbd283ff29594b1b0165"
		},
		{
			"ImportPath": "github.com/containerd/console",
			"Rev": "84eeaae905fa414d03e07bcd6c8d3f19e7cf180e"
		},
		{
			"ImportPath": "github.com/containerd/containerd/api/services/containers/v1",
			"Comment": "v1.0.2",
			"Rev": "cfd04396dc68220d1cecbe686a6cc3aa5ce3667c"
		},
		{
			"ImportPath": "github.com/containerd/containerd/api/services/tasks/v1",
			"Comment": "v1.0.2",
			"Rev": "cfd04396dc68220d1cecbe686a6cc3aa5ce3667c"
		},
		{
			"ImportPath": "github.com/containerd/containerd/api/services/version/v1",
			"Comment": "v1.0.2",
			"Rev": "cfd04396dc68220d1cecbe686a6cc3aa5ce3667c"
		},
		{
			"ImportPath": "github.com/containerd/containerd/api/types",
			"Comment": "v1.0.2",
			"Rev": "cfd04396dc68220d1cecbe686a6cc3aa5ce3667c"
		},
		{
			"ImportPath": "github.com/containerd/containerd/api/types/task",
			"Comment": "v1.0.2",
			"Rev": "cfd04396dc68220d1cecbe686a6cc3aa5ce3667c"
		},
		{
			"ImportPath": "github.com/containerd/containerd/containers",
			"Comment": "v1.0.2",
			"Rev": "cfd04396dc68220d1cecbe686a6cc3aa5ce3667c"
		},
		{
			"ImportPath": "github.com/containerd/containerd/dialer",
			"Comment": "v1.0.2",
			"Rev": "cfd04396dc68220d1cecbe686a6cc3aa5ce3667c"
		},
		{
			"ImportPath": "github.com/containerd/containerd/errdefs",
			"Comment": "v1.0.2",
			"Rev": "cfd04396dc68220d1cecbe686a6cc3aa5ce3667c"
		},
		{
			"ImportPath": "github.com/containerd/containerd/namespaces",
			"Comment": "v1.0.2",
			"Rev": "cfd04396dc68220d1cecbe686a6cc3aa5ce3667c"
		},
		{
			"ImportPath": "github.com/containerd/typeurl",
			"Rev": "f6943554a7e7e88b3c14aad190bf05932da84788"
		},
		{
			"ImportPath": "github.com/coreos/go-systemd/dbus",
			"Comment": "v8-2-g4484981",
			"Rev": "4484981625c1a6a2ecb40a390fcb6a9bcfee76e3"
		},
		{
			"ImportPath": "github.com/coreos/go-systemd/util",
			"Comment": "v8-2-g4484981",
			"Rev": "4484981625c1a6a2ecb40a390fcb6a9bcfee76e3"
		},
		{
			"ImportPath": "github.com/coreos/pkg/dlopen",
			"Comment": "v2",
			"Rev": "7f080b6c11ac2d2347c3cd7521e810207ea1a041"
		},
		{
			"ImportPath": "github.com/coreos/rkt/api/v1alpha",
			"Comment": "v1.25.0",
			"Rev": "ec37f3cb649bfb72408906e7cbf330e4aeda1075"
		},
		{
			"ImportPath": "github.com/cyphar/filepath-securejoin",
			"Comment": "v0.2.1-1-gae69057",
			"Rev": "ae69057f2299fb9e5ba2df738607e6a505b74ab6"
		},
		{
			"ImportPath": "github.com/davecgh/go-spew/spew",
			"Comment": "v1.1.0-9-gecdeabc",
			"Rev": "ecdeabc65495df2dec95d7c4a4c3e021903035e5"
		},
		{
			"ImportPath": "github.com/docker/distribution/digestset",
			"Comment": "v2.6.0-rc.1-209-gedc3ab29",
			"Rev": "edc3ab29cdff8694dd6feb85cfeb4b5f1b38ed9c"
		},
		{
			"ImportPath": "github.com/docker/distribution/reference",
			"Comment": "v2.6.0-rc.1-209-gedc3ab29",
			"Rev": "edc3ab29cdff8694dd6feb85cfeb4b5f1b38ed9c"
		},
		{
			"ImportPath": "github.com/docker/docker/api",
			"Comment": "docs-v1.12.0-rc4-2016-07-15-9510-ga9fbbdc8d",
			"Rev": "a9fbbdc8dd8794b20af358382ab780559bca589d"
		},
		{
			"ImportPath": "github.com/docker/docker/api/types",
			"Comment": "docs-v1.12.0-rc4-2016-07-15-9510-ga9fbbdc8d",
			"Rev": "a9fbbdc8dd8794b20af358382ab780559bca589d"
		},
		{
			"ImportPath": "github.com/docker/docker/api/types/blkiodev",
			"Comment": "docs-v1.12.0-rc4-2016-07-15-9510-ga9fbbdc8d",
			"Rev": "a9fbbdc8dd8794b20af358382ab780559bca589d"
		},
		{
			"ImportPath": "github.com/docker/docker/api/types/container",
			"Comment": "docs-v1.12.0-rc4-2016-07-15-9510-ga9fbbdc8d",
			"Rev": "a9fbbdc8dd8794b20af358382ab780559bca589d"
		},
		{
			"ImportPath": "github.com/docker/docker/api/types/events",
			"Comment": "docs-v1.12.0-rc4-2016-07-15-9510-ga9fbbdc8d",
			"Rev": "a9fbbdc8dd8794b20af358382ab780559bca589d"
		},
		{
			"ImportPath": "github.com/docker/docker/api/types/filters",
			"Comment": "docs-v1.12.0-rc4-2016-07-15-9510-ga9fbbdc8d",
			"Rev": "a9fbbdc8dd8794b20af358382ab780559bca589d"
		},
		{
			"ImportPath": "github.com/docker/docker/api/types/image",
			"Comment": "docs-v1.12.0-rc4-2016-07-15-9510-ga9fbbdc8d",
			"Rev": "a9fbbdc8dd8794b20af358382ab780559bca589d"
		},
		{
			"ImportPath": "github.com/docker/docker/api/types/mount",
			"Comment": "docs-v1.12.0-rc4-2016-07-15-9510-ga9fbbdc8d",
			"Rev": "a9fbbdc8dd8794b20af358382ab780559bca589d"
		},
		{
			"ImportPath": "github.com/docker/docker/api/types/network",
			"Comment": "docs-v1.12.0-rc4-2016-07-15-9510-ga9fbbdc8d",
			"Rev": "a9fbbdc8dd8794b20af358382ab780559bca589d"
		},
		{
			"ImportPath": "github.com/docker/docker/api/types/registry",
			"Comment": "docs-v1.12.0-rc4-2016-07-15-9510-ga9fbbdc8d",
			"Rev": "a9fbbdc8dd8794b20af358382ab780559bca589d"
		},
		{
			"ImportPath": "github.com/docker/docker/api/types/strslice",
			"Comment": "docs-v1.12.0-rc4-2016-07-15-9510-ga9fbbdc8d",
			"Rev": "a9fbbdc8dd8794b20af358382ab780559bca589d"
		},
		{
			"ImportPath": "github.com/docker/docker/api/types/swarm",
			"Comment": "docs-v1.12.0-rc4-2016-07-15-9510-ga9fbbdc8d",
			"Rev": "a9fbbdc8dd8794b20af358382ab780559bca589d"
		},
		{
			"ImportPath": "github.com/docker/docker/api/types/swarm/runtime",
			"Comment": "docs-v1.12.0-rc4-2016-07-15-9510-ga9fbbdc8d",
			"Rev": "a9fbbdc8dd8794b20af358382ab780559bca589d"
		},
		{
			"ImportPath": "github.com/docker/docker/api/types/time",
			"Comment": "docs-v1.12.0-rc4-2016-07-15-9510-ga9fbbdc8d",
			"Rev": "a9fbbdc8dd8794b20af358382ab780559bca589d"
		},
		{
			"ImportPath": "github.com/docker/docker/api/types/versions",
			"Comment": "docs-v1.12.0-rc4-2016-07-15-9510-ga9fbbdc8d",
			"Rev": "a9fbbdc8dd8794b20af358382ab780559bca589d"
		},
		{
			"ImportPath": "github.com/docker/docker/api/types/volume",
			"Comment": "docs-v1.12.0-rc4-2016-07-15-9510-ga9fbbdc8d",
			"Rev": "a9fbbdc8dd8794b20af358382ab780559bca589d"
		},
		{
			"ImportPath": "github.com/docker/docker/client",
			"Comment": "docs-v1.12.0-rc4-2016-07-15-9510-ga9fbbdc8d",
			"Rev": "a9fbbdc8dd8794b20af358382ab780559bca589d"
		},
		{
			"ImportPath": "github.com/docker/docker/pkg/mount",
			"Comment": "docs-v1.12.0-rc4-2016-07-15-9510-ga9fbbdc8d",
			"Rev": "a9fbbdc8dd8794b20af358382ab780559bca589d"
		},
		{
			"ImportPath": "github.com/docker/docker/pkg/parsers/operatingsystem",
			"Comment": "docs-v1.12.0-rc4-2016-07-15-9510-ga9fbbdc8d",
			"Rev": "a9fbbdc8dd8794b20af358382ab780559bca589d"
		},
		{
			"ImportPath": "github.com/docker/go-connections/nat",
			"Comment": "v0.3.0",
			"Rev": "3ede32e2033de7505e6500d6c868c2b9ed9f169d"
		},
		{
			"ImportPath": "github.com/docker/go-connections/sockets",
			"Comment": "v0.3.0",
			"Rev": "3ede32e2033de7505e6500d6c868c2b9ed9f169d"
		},
		{
			"ImportPath": "github.com/docker/go-connections/tlsconfig",
			"Comment": "v0.3.0",
			"Rev": "3ede32e2033de7505e6500d6c868c2b9ed9f169d"
		},
		{
			"ImportPath": "github.com/docker/go-units",
			"Comment": "v0.1.0-21-g0bbddae",
			"Rev": "0bbddae09c5a5419a8c6dcdd7ff90da3d450393b"
		},
		{
			"ImportPath": "github.com/eapache/go-resiliency/breaker",
			"Comment": "v1.0.0-4-gb86b1ec",
			"Rev": "b86b1ec0dd4209a588dc1285cdd471e73525c0b3"
		},
		{
			"ImportPath": "github.com/eapache/queue",
			"Comment": "v1.0.2",
			"Rev": "ded5959c0d4e360646dc9e9908cff48666781367"
		},
		{
			"ImportPath": "github.com/euank/go-kmsg-parser/kmsgparser",
			"Comment": "v2.0.0",
			"Rev": "5ba4d492e455a77d25dcf0d2c4acc9f2afebef4e"
		},
		{
			"ImportPath": "github.com/garyburd/redigo/internal",
			"Rev": "535138d7bcd717d6531c701ef5933d98b1866257"
		},
		{
			"ImportPath": "github.com/garyburd/redigo/redis",
			"Rev": "535138d7bcd717d6531c701ef5933d98b1866257"
		},
		{
			"ImportPath": "github.com/go-ini/ini",
			"Comment": "v1.9.0",
			"Rev": "193d1ecb466bf97aae8b454a5cfc192941c64809"
		},
		{
			"ImportPath": "github.com/godbus/dbus",
			"Comment": "v3",
			"Rev": "c7fdd8b5cd55e87b4e1f4e372cdb1db61dd6c66f"
		},
		{
			"ImportPath": "github.com/gogo/protobuf/gogoproto",
			"Comment": "v0.4-3-gc0656edd",
			"Rev": "c0656edd0d9eab7c66d1eb0c568f9039345796f7"
		},
		{
			"ImportPath": "github.com/gogo/protobuf/proto",
			"Comment": "v0.4-3-gc0656edd",
			"Rev": "c0656edd0d9eab7c66d1eb0c568f9039345796f7"
		},
		{
			"ImportPath": "github.com/gogo/protobuf/protoc-gen-gogo/descriptor",
			"Comment": "v0.4-3-gc0656edd",
			"Rev": "c0656edd0d9eab7c66d1eb0c568f9039345796f7"
		},
		{
			"ImportPath": "github.com/gogo/protobuf/sortkeys",
			"Comment": "v0.4-3-gc0656edd",
			"Rev": "c0656edd0d9eab7c66d1eb0c568f9039345796f7"
		},
		{
			"ImportPath": "github.com/gogo/protobuf/types",
			"Comment": "v0.4-3-gc0656edd",
			"Rev": "c0656edd0d9eab7c66d1eb0c568f9039345796f7"
		},
		{
			"ImportPath": "github.com/golang/protobuf/proto",
			"Rev": "ab9f9a6dab164b7d1246e0e688b0ab7b94d8553e"
		},
		{
			"ImportPath": "github.com/golang/protobuf/ptypes",
			"Rev": "ab9f9a6dab164b7d1246e0e688b0ab7b94d8553e"
		},
		{
			"ImportPath": "github.com/golang/protobuf/ptypes/any",
			"Rev": "ab9f9a6dab164b7d1246e0e688b0ab7b94d8553e"
		},
		{
			"ImportPath": "github.com/golang/protobuf/ptypes/duration",
			"Rev": "ab9f9a6dab164b7d1246e0e688b0ab7b94d8553e"
		},
		{
			"ImportPath": "github.com/golang/protobuf/ptypes/timestamp",
			"Rev": "ab9f9a6dab164b7d1246e0e688b0ab7b94d8553e"
		},
		{
			"ImportPath": "github.com/golang/snappy",
			"Rev": "723cc1e459b8eea2dea4583200fd60757d40097a"
		},
		{
			"ImportPath": "github.com/influxdb/influxdb/client",
			"Comment": "v0.9.5.1",
			"Rev": "9eab56311373ee6f788ae5dfc87e2240038f0eb4"
		},
		{
			"ImportPath": "github.com/influxdb/influxdb/models",
			"Comment": "v0.9.5.1",
			"Rev": "9eab56311373ee6f788ae5dfc87e2240038f0eb4"
		},
		{
			"ImportPath": "github.com/influxdb/influxdb/pkg/escape",
			"Comment": "v0.9.5.1",
			"Rev": "9eab56311373ee6f788ae5dfc87e2240038f0eb4"
		},
		{
			"ImportPath": "github.com/jmespath/go-jmespath",
			"Comment": "0.2.2-12-g0b12d6b",
			"Rev": "0b12d6b521d83fc7f755e7cfc1b1fbdd35a01a74"
		},
		{
			"ImportPath": "github.com/karrick/godirwalk",
			"Rev": "2de2192f9e35ce981c152a873ed943b93b79ced4"
		},
		{
			"ImportPath": "github.com/karrick/godirwalk/examples/clean-empties",
			"Comment": "v1.7.5",
			"Rev": "2de2192f9e35ce981c152a873ed943b93b79ced4"
		},
		{
			"ImportPath": "github.com/karrick/godirwalk/examples/walk-fast",
			"Comment": "v1.7.5",
			"Rev": "2de2192f9e35ce981c152a873ed943b93b79ced4"
		},
		{
			"ImportPath": "github.com/karrick/godirwalk/examples/walk-stdlib",
			"Comment": "v1.7.5",
			"Rev": "2de2192f9e35ce981c152a873ed943b93b79ced4"
		},
		{
			"ImportPath": "github.com/klauspost/crc32",
			"Rev": "a3b15ae34567abb20a22992b989cd76f48d09c47"
		},
		{
			"ImportPath": "github.com/kr/pretty",
			"Comment": "go.weekly.2011-12-22-20-g088c856",
			"Rev": "088c856450c08c03eb32f7a6c221e6eefaa10e6f"
		},
		{
			"ImportPath": "github.com/kr/text",
			"Rev": "6807e777504f54ad073ecef66747de158294b639"
		},
		{
			"ImportPath": "github.com/mattn/go-shellwords",
			"Comment": "v1.0.3-18-g39dbbfa",
			"Rev": "39dbbfa24bbc39559b61cae9b20b0e8db0e55525"
		},
		{
			"ImportPath": "github.com/matttproud/golang_protobuf_extensions/pbutil",
			"Rev": "fc2b8d3a73c4867e51861bbdd5ae3c1f0869dd6a"
		},
		{
			"ImportPath": "github.com/mesos/mesos-go/api/v1/lib",
			"Comment": "mesos-1.4.x-33-g29de6ff",
			"Rev": "29de6ff97b48c29cb5ac07029ed75186e5ba0eed"
		},
		{
			"ImportPath": "github.com/mesos/mesos-go/api/v1/lib/agent",
			"Comment": "mesos-1.4.x-33-g29de6ff",
			"Rev": "29de6ff97b48c29cb5ac07029ed75186e5ba0eed"
		},
		{
			"ImportPath": "github.com/mesos/mesos-go/api/v1/lib/agent/calls",
			"Comment": "mesos-1.4.x-33-g29de6ff",
			"Rev": "29de6ff97b48c29cb5ac07029ed75186e5ba0eed"
		},
		{
			"ImportPath": "github.com/mesos/mesos-go/api/v1/lib/client",
			"Comment": "mesos-1.4.x-33-g29de6ff",
			"Rev": "29de6ff97b48c29cb5ac07029ed75186e5ba0eed"
		},
		{
			"ImportPath": "github.com/mesos/mesos-go/api/v1/lib/debug",
			"Comment": "mesos-1.4.x-33-g29de6ff",
			"Rev": "29de6ff97b48c29cb5ac07029ed75186e5ba0eed"
		},
		{
			"ImportPath": "github.com/mesos/mesos-go/api/v1/lib/encoding",
			"Comment": "mesos-1.4.x-33-g29de6ff",
			"Rev": "29de6ff97b48c29cb5ac07029ed75186e5ba0eed"
		},
		{
			"ImportPath": "github.com/mesos/mesos-go/api/v1/lib/encoding/codecs",
			"Comment": "mesos-1.4.x-33-g29de6ff",
			"Rev": "29de6ff97b48c29cb5ac07029ed75186e5ba0eed"
		},
		{
			"ImportPath": "github.com/mesos/mesos-go/api/v1/lib/encoding/framing",
			"Comment": "mesos-1.4.x-33-g29de6ff",
			"Rev": "29de6ff97b48c29cb5ac07029ed75186e5ba0eed"
		},
		{
			"ImportPath": "github.com/mesos/mesos-go/api/v1/lib/encoding/json",
			"Comment": "mesos-1.4.x-33-g29de6ff",
			"Rev": "29de6ff97b48c29cb5ac07029ed75186e5ba0eed"
		},
		{
			"ImportPath": "github.com/mesos/mesos-go/api/v1/lib/encoding/proto",
			"Comment": "mesos-1.4.x-33-g29de6ff",
			"Rev": "29de6ff97b48c29cb5ac07029ed75186e5ba0eed"
		},
		{
			"ImportPath": "github.com/mesos/mesos-go/api/v1/lib/httpcli",
			"Comment": "mesos-1.4.x-33-g29de6ff",
			"Rev": "29de6ff97b48c29cb5ac07029ed75186e5ba0eed"
		},
		{
			"ImportPath": "github.com/mesos/mesos-go/api/v1/lib/httpcli/apierrors",
			"Comment": "mesos-1.4.x-33-g29de6ff",
			"Rev": "29de6ff97b48c29cb5ac07029ed75186e5ba0eed"
		},
		{
			"ImportPath": "github.com/mesos/mesos-go/api/v1/lib/recordio",
			"Comment": "mesos-1.4.x-33-g29de6ff",
			"Rev": "29de6ff97b48c29cb5ac07029ed75186e5ba0eed"
		},
		{
			"ImportPath": "github.com/mesos/mesos-go/api/v1/lib/roles",
			"Comment": "mesos-1.4.x-33-g29de6ff",
			"Rev": "29de6ff97b48c29cb5ac07029ed75186e5ba0eed"
		},
		{
			"ImportPath": "github.com/mindprince/gonvml",
			"Rev": "fee913ce8fb235edf54739d259ca0ecc226c7b8a"
		},
		{
			"ImportPath": "github.com/mistifyio/go-zfs",
			"Comment": "v2.1.1-31-g166dd29",
			"Rev": "166dd29edf054bff262cdaa5ffcaddb50ced9e31"
		},
		{
			"ImportPath": "github.com/mrunalp/fileutils",
			"Rev": "4ee1cc9a80582a0c75febdd5cfa779ee4361cbca"
		},
		{
			"ImportPath": "github.com/opencontainers/go-digest",
			"Comment": "v1.0.0-rc1",
			"Rev": "279bed98673dd5bef374d3b6e4b09e2af76183bf"
		},
		{
			"ImportPath": "github.com/opencontainers/image-spec/specs-go",
			"Comment": "v1.0.0-rc6-12-g372ad78",
			"Rev": "372ad780f63454fbbbbcc7cf80e5b90245c13e13"
		},
		{
			"ImportPath": "github.com/opencontainers/image-spec/specs-go/v1",
			"Comment": "v1.0.0-rc6-12-g372ad78",
			"Rev": "372ad780f63454fbbbbcc7cf80e5b90245c13e13"
		},
		{
			"ImportPath": "github.com/opencontainers/runc/libcontainer",
			"Comment": "v1.0.0-rc4-197-gd5b4a3ed",
			"Rev": "d5b4a3eddbe4c890843da971b64f45a0f023f4db"
		},
		{
			"ImportPath": "github.com/opencontainers/runc/libcontainer/apparmor",
			"Comment": "v1.0.0-rc4-197-gd5b4a3ed",
			"Rev": "d5b4a3eddbe4c890843da971b64f45a0f023f4db"
		},
		{
			"ImportPath": "github.com/opencontainers/runc/libcontainer/cgroups",
			"Comment": "v1.0.0-rc4-197-gd5b4a3ed",
			"Rev": "d5b4a3eddbe4c890843da971b64f45a0f023f4db"
		},
		{
			"ImportPath": "github.com/opencontainers/runc/libcontainer/cgroups/fs",
			"Comment": "v1.0.0-rc4-197-gd5b4a3ed",
			"Rev": "d5b4a3eddbe4c890843da971b64f45a0f023f4db"
		},
		{
			"ImportPath": "github.com/opencontainers/runc/libcontainer/cgroups/systemd",
			"Comment": "v1.0.0-rc4-197-gd5b4a3ed",
			"Rev": "d5b4a3eddbe4c890843da971b64f45a0f023f4db"
		},
		{
			"ImportPath": "github.com/opencontainers/runc/libcontainer/configs",
			"Comment": "v1.0.0-rc4-197-gd5b4a3ed",
			"Rev": "d5b4a3eddbe4c890843da971b64f45a0f023f4db"
		},
		{
			"ImportPath": "github.com/opencontainers/runc/libcontainer/configs/validate",
			"Comment": "v1.0.0-rc4-197-gd5b4a3ed",
			"Rev": "d5b4a3eddbe4c890843da971b64f45a0f023f4db"
		},
		{
			"ImportPath": "github.com/opencontainers/runc/libcontainer/criurpc",
			"Comment": "v1.0.0-rc4-197-gd5b4a3ed",
			"Rev": "d5b4a3eddbe4c890843da971b64f45a0f023f4db"
		},
		{
			"ImportPath": "github.com/opencontainers/runc/libcontainer/intelrdt",
			"Comment": "v1.0.0-rc4-197-gd5b4a3ed",
			"Rev": "d5b4a3eddbe4c890843da971b64f45a0f023f4db"
		},
		{
			"ImportPath": "github.com/opencontainers/runc/libcontainer/keys",
			"Comment": "v1.0.0-rc4-197-gd5b4a3ed",
			"Rev": "d5b4a3eddbe4c890843da971b64f45a0f023f4db"
		},
		{
			"ImportPath": "github.com/opencontainers/runc/libcontainer/mount",
			"Comment": "v1.0.0-rc4-197-gd5b4a3ed",
			"Rev": "d5b4a3eddbe4c890843da971b64f45a0f023f4db"
		},
		{
			"ImportPath": "github.com/opencontainers/runc/libcontainer/seccomp",
			"Comment": "v1.0.0-rc4-197-gd5b4a3ed",
			"Rev": "d5b4a3eddbe4c890843da971b64f45a0f023f4db"
		},
		{
			"ImportPath": "github.com/opencontainers/runc/libcontainer/stacktrace",
			"Comment": "v1.0.0-rc4-197-gd5b4a3ed",
			"Rev": "d5b4a3eddbe4c890843da971b64f45a0f023f4db"
		},
		{
			"ImportPath": "github.com/opencontainers/runc/libcontainer/system",
			"Comment": "v1.0.0-rc4-197-gd5b4a3ed",
			"Rev": "d5b4a3eddbe4c890843da971b64f45a0f023f4db"
		},
		{
			"ImportPath": "github.com/opencontainers/runc/libcontainer/user",
			"Comment": "v1.0.0-rc4-197-gd5b4a3ed",
			"Rev": "d5b4a3eddbe4c890843da971b64f45a0f023f4db"
		},
		{
			"ImportPath": "github.com/opencontainers/runc/libcontainer/utils",
			"Comment": "v1.0.0-rc4-197-gd5b4a3ed",
			"Rev": "d5b4a3eddbe4c890843da971b64f45a0f023f4db"
		},
		{
			"ImportPath": "github.com/opencontainers/runtime-spec/specs-go",
			"Comment": "v1.0.0",
			"Rev": "02137cd4e50b37a01665e1731fcd4ac2d2178230"
		},
		{
			"ImportPath": "github.com/opencontainers/selinux/go-selinux",
			"Comment": "v1.0.0-rc1-5-g4a2974b",
			"Rev": "4a2974bf1ee960774ffd517717f1f45325af0206"
		},
		{
			"ImportPath": "github.com/opencontainers/selinux/go-selinux/label",
			"Comment": "v1.0.0-rc1-5-g4a2974b",
			"Rev": "4a2974bf1ee960774ffd517717f1f45325af0206"
		},
		{
			"ImportPath": "github.com/pborman/uuid",
			"Rev": "cccd189d45f7ac3368a0d127efb7f4d08ae0b655"
		},
		{
			"ImportPath": "github.com/pkg/errors",
			"Comment": "v0.8.0-5-gc605e28",
			"Rev": "c605e284fe17294bda444b34710735b29d1a9d90"
		},
		{
			"ImportPath": "github.com/pmezard/go-difflib/difflib",
			"Comment": "v1.0.0",
			"Rev": "792786c7400a136282c1664665ae0a8db921c6c2"
		},
		{
			"ImportPath": "github.com/pquerna/ffjson/fflib/v1",
			"Rev": "d49c2bc1aa135aad0c6f4fc2056623ec78f5d5ac"
		},
		{
			"ImportPath": "github.com/pquerna/ffjson/fflib/v1/internal",
			"Rev": "d49c2bc1aa135aad0c6f4fc2056623ec78f5d5ac"
		},
		{
			"ImportPath": "github.com/prometheus/client_golang/prometheus",
			"Comment": "v0.9.1",
			"Rev": "abad2d1bd44235a26707c172eab6bca5bf2dbad3"
		},
		{
			"ImportPath": "github.com/prometheus/client_golang/prometheus/internal",
			"Comment": "v0.9.1",
			"Rev": "abad2d1bd44235a26707c172eab6bca5bf2dbad3"
		},
		{
			"ImportPath": "github.com/prometheus/client_golang/prometheus/promhttp",
			"Comment": "v0.9.1",
			"Rev": "abad2d1bd44235a26707c172eab6bca5bf2dbad3"
		},
		{
			"ImportPath": "github.com/prometheus/client_model/go",
			"Comment": "model-0.0.2-14-g6f38060",
			"Rev": "6f3806018612930941127f2a7c6c453ba2c527d2"
		},
		{
			"ImportPath": "github.com/prometheus/common/expfmt",
			"Rev": "49fee292b27bfff7f354ee0f64e1bc4850462edf"
		},
		{
			"ImportPath": "github.com/prometheus/common/internal/bitbucket.org/ww/goautoneg",
			"Rev": "49fee292b27bfff7f354ee0f64e1bc4850462edf"
		},
		{
			"ImportPath": "github.com/prometheus/common/model",
			"Rev": "49fee292b27bfff7f354ee0f64e1bc4850462edf"
		},
		{
			"ImportPath": "github.com/prometheus/procfs",
			"Rev": "1e2146578273cef808354faa16a1922e0b5d6b2f"
		},
		{
			"ImportPath": "github.com/prometheus/procfs/xfs",
			"Rev": "1e2146578273cef808354faa16a1922e0b5d6b2f"
		},
		{
			"ImportPath": "github.com/seccomp/libseccomp-golang",
			"Rev": "1b506fc7c24eec5a3693cdcbed40d9c226cfc6a1"
		},
		{
			"ImportPath": "github.com/sirupsen/logrus",
			"Comment": "v1.0.3-11-g89742ae",
			"Rev": "89742aefa4b206dcf400792f3bd35b542998eb3b"
		},
		{
			"ImportPath": "github.com/stretchr/objx",
			"Rev": "cbeaeb16a013161a98496fad62933b1d21786672"
		},
		{
			"ImportPath": "github.com/stretchr/testify/assert",
			"Comment": "v1.1.4-66-gf6abca5",
			"Rev": "f6abca593680b2315d2075e0f5e2a9751e3f431a"
		},
		{
			"ImportPath": "github.com/stretchr/testify/mock",
			"Comment": "v1.1.4-66-gf6abca5",
			"Rev": "f6abca593680b2315d2075e0f5e2a9751e3f431a"
		},
		{
			"ImportPath": "github.com/stretchr/testify/require",
			"Comment": "v1.1.4-66-gf6abca5",
			"Rev": "f6abca593680b2315d2075e0f5e2a9751e3f431a"
		},
		{
			"ImportPath": "github.com/syndtr/gocapability/capability",
			"Rev": "e7cb7fa329f456b3855136a2642b197bad7366ba"
		},
		{
			"ImportPath": "github.com/vishvananda/netlink",
			"Rev": "1e2e08e8a2dcdacaae3f14ac44c5cfa31361f270"
		},
		{
			"ImportPath": "github.com/vishvananda/netlink/nl",
			"Rev": "1e2e08e8a2dcdacaae3f14ac44c5cfa31361f270"
		},
		{
			"ImportPath": "golang.org/x/crypto/ssh/terminal",
			"Rev": "eb71ad9bd329b5ac0fd0148dd99bd62e8be8e035"
		},
		{
			"ImportPath": "golang.org/x/net/context",
			"Rev": "7dcfb8076726a3fdd9353b6b8a1f1b6be6811bd6"
		},
		{
			"ImportPath": "golang.org/x/net/context/ctxhttp",
			"Rev": "7dcfb8076726a3fdd9353b6b8a1f1b6be6811bd6"
		},
		{
			"ImportPath": "golang.org/x/net/http2",
			"Rev": "7dcfb8076726a3fdd9353b6b8a1f1b6be6811bd6"
		},
		{
			"ImportPath": "golang.org/x/net/http2/hpack",
			"Rev": "7dcfb8076726a3fdd9353b6b8a1f1b6be6811bd6"
		},
		{
			"ImportPath": "golang.org/x/net/idna",
			"Rev": "7dcfb8076726a3fdd9353b6b8a1f1b6be6811bd6"
		},
		{
			"ImportPath": "golang.org/x/net/internal/timeseries",
			"Rev": "7dcfb8076726a3fdd9353b6b8a1f1b6be6811bd6"
		},
		{
			"ImportPath": "golang.org/x/net/lex/httplex",
			"Rev": "7dcfb8076726a3fdd9353b6b8a1f1b6be6811bd6"
		},
		{
			"ImportPath": "golang.org/x/net/proxy",
			"Rev": "7dcfb8076726a3fdd9353b6b8a1f1b6be6811bd6"
		},
		{
			"ImportPath": "golang.org/x/net/trace",
			"Rev": "7dcfb8076726a3fdd9353b6b8a1f1b6be6811bd6"
		},
		{
			"ImportPath": "golang.org/x/oauth2",
			"Rev": "ca8a464d23d55afd32571475db223e065ffd8a52"
		},
		{
			"ImportPath": "golang.org/x/oauth2/internal",
			"Rev": "ca8a464d23d55afd32571475db223e065ffd8a52"
		},
		{
			"ImportPath": "golang.org/x/oauth2/jws",
			"Rev": "ca8a464d23d55afd32571475db223e065ffd8a52"
		},
		{
			"ImportPath": "golang.org/x/oauth2/jwt",
			"Rev": "ca8a464d23d55afd32571475db223e065ffd8a52"
		},
		{
			"ImportPath": "golang.org/x/sys/unix",
			"Rev": "a5b02f93d862f065920dd6a40dddc66b60d0dec4"
		},
		{
			"ImportPath": "golang.org/x/sys/unix/linux",
			"Rev": "a5b02f93d862f065920dd6a40dddc66b60d0dec4"
		},
		{
			"ImportPath": "golang.org/x/sys/windows",
			"Rev": "a5b02f93d862f065920dd6a40dddc66b60d0dec4"
		},
		{
			"ImportPath": "golang.org/x/sys/windows/registry",
			"Rev": "a5b02f93d862f065920dd6a40dddc66b60d0dec4"
		},
		{
			"ImportPath": "golang.org/x/text/secure/bidirule",
			"Rev": "b19bf474d317b857955b12035d2c5acb57ce8b01"
		},
		{
			"ImportPath": "golang.org/x/text/transform",
			"Rev": "b19bf474d317b857955b12035d2c5acb57ce8b01"
		},
		{
			"ImportPath": "golang.org/x/text/unicode/bidi",
			"Rev": "b19bf474d317b857955b12035d2c5acb57ce8b01"
		},
		{
			"ImportPath": "golang.org/x/text/unicode/norm",
			"Rev": "b19bf474d317b857955b12035d2c5acb57ce8b01"
		},
		{
			"ImportPath": "google.golang.org/api/bigquery/v2",
			"Rev": "0c2979aeaa5b573e60d3ddffe5ce8dca8df309bd"
		},
		{
			"ImportPath": "google.golang.org/api/googleapi",
			"Rev": "0c2979aeaa5b573e60d3ddffe5ce8dca8df309bd"
		},
		{
			"ImportPath": "google.golang.org/api/googleapi/internal/uritemplates",
			"Rev": "0c2979aeaa5b573e60d3ddffe5ce8dca8df309bd"
		},
		{
			"ImportPath": "google.golang.org/genproto/googleapis/rpc/status",
			"Rev": "09f6ed296fc66555a25fe4ce95173148778dfa85"
		},
		{
			"ImportPath": "google.golang.org/grpc",
			"Comment": "v1.7.0",
			"Rev": "f7bf885db0b7479a537ec317c6e48ce53145f3db"
		},
		{
			"ImportPath": "google.golang.org/grpc/balancer",
			"Comment": "v1.7.0",
			"Rev": "f7bf885db0b7479a537ec317c6e48ce53145f3db"
		},
		{
			"ImportPath": "google.golang.org/grpc/codes",
			"Comment": "v1.7.0",
			"Rev": "f7bf885db0b7479a537ec317c6e48ce53145f3db"
		},
		{
			"ImportPath": "google.golang.org/grpc/connectivity",
			"Comment": "v1.7.0",
			"Rev": "f7bf885db0b7479a537ec317c6e48ce53145f3db"
		},
		{
			"ImportPath": "google.golang.org/grpc/credentials",
			"Comment": "v1.7.0",
			"Rev": "f7bf885db0b7479a537ec317c6e48ce53145f3db"
		},
		{
			"ImportPath": "google.golang.org/grpc/grpclb/grpc_lb_v1/messages",
			"Comment": "v1.7.0",
			"Rev": "f7bf885db0b7479a537ec317c6e48ce53145f3db"
		},
		{
			"ImportPath": "google.golang.org/grpc/grpclog",
			"Comment": "v1.7.0",
			"Rev": "f7bf885db0b7479a537ec317c6e48ce53145f3db"
		},
		{
			"ImportPath": "google.golang.org/grpc/internal",
			"Comment": "v1.7.0",
			"Rev": "f7bf885db0b7479a537ec317c6e48ce53145f3db"
		},
		{
			"ImportPath": "google.golang.org/grpc/keepalive",
			"Comment": "v1.7.0",
			"Rev": "f7bf885db0b7479a537ec317c6e48ce53145f3db"
		},
		{
			"ImportPath": "google.golang.org/grpc/metadata",
			"Comment": "v1.7.0",
			"Rev": "f7bf885db0b7479a537ec317c6e48ce53145f3db"
		},
		{
			"ImportPath": "google.golang.org/grpc/naming",
			"Comment": "v1.7.0",
			"Rev": "f7bf885db0b7479a537ec317c6e48ce53145f3db"
		},
		{
			"ImportPath": "google.golang.org/grpc/peer",
			"Comment": "v1.7.0",
			"Rev": "f7bf885db0b7479a537ec317c6e48ce53145f3db"
		},
		{
			"ImportPath": "google.golang.org/grpc/resolver",
			"Comment": "v1.7.0",
			"Rev": "f7bf885db0b7479a537ec317c6e48ce53145f3db"
		},
		{
			"ImportPath": "google.golang.org/grpc/stats",
			"Comment": "v1.7.0",
			"Rev": "f7bf885db0b7479a537ec317c6e48ce53145f3db"
		},
		{
			"ImportPath": "google.golang.org/grpc/status",
			"Comment": "v1.7.0",
			"Rev": "f7bf885db0b7479a537ec317c6e48ce53145f3db"
		},
		{
			"ImportPath": "google.golang.org/grpc/tap",
			"Comment": "v1.7.0",
			"Rev": "f7bf885db0b7479a537ec317c6e48ce53145f3db"
		},
		{
			"ImportPath": "google.golang.org/grpc/transport",
			"Comment": "v1.7.0",
			"Rev": "f7bf885db0b7479a537ec317c6e48ce53145f3db"
		},
		{
			"ImportPath": "gopkg.in/olivere/elastic.v2",
			"Comment": "v2.0.12",
			"Rev": "3cfe88295d20b6299bd935131fc0fd17316405ad"
		},
		{
			"ImportPath": "gopkg.in/olivere/elastic.v2/uritemplates",
			"Comment": "v2.0.12",
			"Rev": "3cfe88295d20b6299bd935131fc0fd17316405ad"
		},
		{
			"ImportPath": "k8s.io/klog",
			"Rev": "b9b56d5dfc9208f60ea747056670942d8b0afdc8"
		},
		{
			"ImportPath": "k8s.io/utils/clock",
			"Rev": "3dccf664f023863740c508fb4284e49742bedfa4"
		},
		{
			"ImportPath": "k8s.io/utils/clock/testing",
			"Rev": "3dccf664f023863740c508fb4284e49742bedfa4"
		},
		{
			"ImportPath": "k8s.io/utils/inotify",
			"Rev": "3dccf664f023863740c508fb4284e49742bedfa4"
		}
	]
}
